timestamp,open,high,low,close,vol
1643686200,74.7500,74.7525,74.6650,74.7050,211
1643686380,74.7050,74.7125,74.7000,74.7025,141
1643686560,74.7025,74.7025,74.6825,74.6875,120
1643686740,74.6875,74.6875,74.6675,74.6675,323
1643686920,74.6675,74.6725,74.6675,74.6725,131
1643687100,74.6725,74.6925,74.6725,74.6925,172
1643687280,74.6925,74.7175,74.6925,74.7175,403
1643687460,74.7175,74.7175,74.6850,74.6850,314
1643687640,74.6850,74.7050,74.6850,74.7025,58
1643687820,74.7025,74.7025,74.6775,74.6875,252
1643688000,74.6875,74.7050,74.6875,74.7000,81
1643688180,74.7000,74.7100,74.7000,74.7000,113
1643688360,74.7000,74.7000,74.6525,74.6550,51
1643688540,74.6550,74.6650,74.6325,74.6400,1161
1643688720,74.6400,74.6400,74.6225,74.6350,77
1643688900,74.6350,74.6350,74.6200,74.6300,84
1643689080,74.6300,74.6400,74.6300,74.6300,26
1643689260,74.6300,74.6300,74.6175,74.6175,21
1643689440,74.6175,74.6200,74.6175,74.6200,12
1643689620,74.6200,74.6200,74.5925,74.5925,194
1643689800,74.5925,74.6150,74.5900,74.6150,212
1643689980,74.6150,74.6525,74.6150,74.6500,337
1643690160,74.6500,74.6525,74.6050,74.6175,524
1643690340,74.6175,74.6175,74.5600,74.5725,225
1643690520,74.5725,74.5725,74.5325,74.5525,667
1643690700,74.5525,74.5750,74.5475,74.5650,352
1643690880,74.5650,74.5650,74.5225,74.5375,239
1643691060,74.5375,74.5700,74.5375,74.5700,399
1643691240,74.5625,74.5650,74.5525,74.5650,30
1643691420,74.5650,74.5975,74.5650,74.5975,237
1643691600,74.5975,74.6000,74.5875,74.5950,103
1643691780,74.5950,74.6100,74.5925,74.6025,35
1643691960,74.6025,74.6550,74.6025,74.6550,292
1643692140,74.6550,74.7050,74.6500,74.6650,404
1643692320,74.6650,74.6900,74.6600,74.6600,76
1643692500,74.6600,74.6650,74.6500,74.6550,66
1643692680,74.6550,74.6800,74.6350,74.6725,80
1643692860,74.6725,74.6800,74.6700,74.6775,50
1643693040,74.6725,74.6800,74.6700,74.6800,80
1643693220,74.6800,74.6850,74.6775,74.6775,24
1643693400,74.6775,74.6775,74.6600,74.6675,11
1643693580,74.6675,74.6775,74.6650,74.6650,20
1643693760,74.6650,74.7325,74.6650,74.7325,185
1643693940,74.7325,74.7325,74.6950,74.7025,93
1643694120,74.7025,74.7025,74.6725,74.6850,47
1643694300,74.6850,74.6850,74.6600,74.6675,37
1643694480,74.6675,74.6675,74.6675,74.6675,0
1643694660,74.6675,74.6675,74.6675,74.6675,0
1643694840,74.6675,74.6675,74.6625,74.6625,4
1643695020,74.6625,74.6700,74.6625,74.6700,1
1643695200,74.6700,74.6700,74.6700,74.6700,0
1643695380,74.6700,74.6700,74.6450,74.6600,12
1643695560,74.6600,74.6600,74.6575,74.6575,80
1643695740,74.6575,74.6600,74.6475,74.6600,24
1643695920,74.6600,74.6800,74.6575,74.6575,28
1643696100,74.6550,74.6550,74.5950,74.6200,325
1643696280,74.6200,74.6625,74.6200,74.6625,212
1643696460,74.6550,74.6575,74.6300,74.6300,97
1643696640,74.6300,74.6300,74.5900,74.6125,81
1643696820,74.6125,74.6125,74.5900,74.5975,94
1643697000,74.5975,74.5975,74.5650,74.5750,1317
1643697180,74.5750,74.6750,74.5625,74.6700,1546
1643697360,74.6700,74.7225,74.6675,74.6675,579
1643697540,74.6675,74.6775,74.6650,74.6725,62
1643697720,74.6725,74.6750,74.6725,74.6750,9
1643697900,74.6750,74.6750,74.6500,74.6500,24
1643698080,74.6500,74.6550,74.6375,74.6550,123
1643698260,74.6550,74.6750,74.6550,74.6750,7
1643698440,74.6750,74.6750,74.6300,74.6300,45
1643698620,74.6300,74.6400,74.6300,74.6400,30
1643698800,74.6400,74.7900,74.6400,74.7900,101
1643698980,74.7900,74.8325,74.7700,74.8075,622
1643699160,74.8075,74.8450,74.8075,74.8400,394
1643699340,74.8400,74.8800,74.8350,74.8350,761
1643699520,74.8350,74.8800,74.8350,74.8800,158
1643699700,74.8800,74.9200,74.8775,74.9050,635
1643699880,74.9050,74.9075,74.8700,74.8875,294
1643700060,74.8875,74.9350,74.8875,74.9300,161
1643700240,74.9300,74.9850,74.9300,74.9750,757
1643700420,74.9650,74.9675,74.9125,74.9300,152
1643700600,74.9300,74.9350,74.8625,74.8650,467
1643700780,74.8650,74.8975,74.8550,74.8975,364
1643700960,74.8975,74.9300,74.8800,74.8800,621
1643701140,74.8800,74.8875,74.8575,74.8775,195
1643701320,74.8775,74.8775,74.8675,74.8675,177
1643701500,74.8675,74.8675,74.8500,74.8500,23
1643701680,74.8500,74.8525,74.8500,74.8525,3
1643701860,74.8525,74.8600,74.8500,74.8600,56
1643702040,74.8600,74.8600,74.8475,74.8475,1
1643702220,74.8475,74.8550,74.8475,74.8550,15
1643702400,74.8550,74.8550,74.8450,74.8500,220
1643702580,74.8500,74.8500,74.8500,74.8500,11
1643702760,74.8500,74.8500,74.8275,74.8325,237
1643702940,74.8325,74.8375,74.8250,74.8375,35
1643703120,74.8375,74.8375,74.8250,74.8275,63
1643703300,74.8275,74.8275,74.7800,74.8200,823
1643703480,74.8200,74.8575,74.8200,74.8575,704
1643703660,74.8575,74.8650,74.8525,74.8650,73
1643703840,74.8650,74.8900,74.8650,74.8875,77
1643704020,74.8875,74.9125,74.8875,74.9125,1577
1643704200,74.9125,74.9125,74.8975,74.8975,126
1643704380,74.8975,74.9325,74.8975,74.9325,223
1643704560,74.9325,74.9350,74.9250,74.9300,21
1643704740,74.9300,74.9300,74.9250,74.9275,15
1643704920,74.9275,74.9275,74.9150,74.9150,153
1643705100,74.9150,74.9200,74.8975,74.8975,379
1643705280,74.8975,74.9050,74.8700,74.8700,246
1643705460,74.8700,74.8700,74.8700,74.8700,0
1643705640,74.8700,74.8700,74.8625,74.8625,1511
1643705820,74.8625,74.8800,74.8625,74.8800,10
1643706000,74.8800,74.8800,74.8450,74.8450,343
1643706180,74.8450,74.8700,74.8450,74.8700,119
1643706360,74.8700,74.8825,74.8700,74.8700,354
1643706540,74.8700,74.8700,74.8500,74.8675,261
1643706720,74.8675,74.8675,74.8625,74.8675,106
1643706900,74.8675,74.8725,74.8675,74.8700,80
1643707080,74.8700,74.8700,74.8475,74.8475,6
1643707260,74.8475,74.8700,74.8475,74.8700,4
1643707440,74.8700,74.8775,74.8575,74.8575,260
1643707620,74.8575,74.8575,74.8575,74.8575,0
1643707800,74.8575,74.8575,74.8575,74.8575,0
1643707980,74.8575,74.8750,74.8525,74.8750,92
1643708160,74.8750,74.9000,74.8750,74.8825,511
1643708340,74.8825,74.9025,74.8825,74.9025,44
1643708520,74.9025,74.9200,74.9025,74.9200,121
1643708700,74.9200,74.9200,74.8900,74.9075,49
1643708880,74.9075,74.9150,74.9075,74.9150,52
1643709060,74.9150,74.9150,74.9075,74.9075,17
1643709240,74.9075,74.9400,74.9075,74.9250,69
1643709420,74.9250,74.9250,74.9100,74.9100,17
1643709600,74.9100,74.9175,74.9100,74.9150,48
1643709780,74.9150,74.9325,74.9150,74.9325,27
1643709960,74.9325,74.9350,74.9325,74.9350,43
1643710140,74.9350,74.9400,74.9325,74.9350,97
1643710320,74.9350,74.9350,74.9275,74.9300,132
1643710500,74.9300,74.9325,74.9125,74.9325,88
1643710680,74.9325,74.9325,74.9250,74.9250,25
1643710860,74.9250,74.9325,74.9250,74.9275,80
1643711040,74.9275,74.9275,74.9150,74.9200,81
1643711220,74.9200,74.9200,74.9150,74.9200,69
1643711400,74.9200,74.9250,74.9150,74.9250,4
1643711580,74.9250,74.9475,74.9225,74.9475,1051
1643711760,74.9475,74.9650,74.9450,74.9550,2046
1643711940,74.9475,74.9475,74.9475,74.9475,50
1643712120,74.9475,74.9525,74.9450,74.9525,71
1643712300,74.9525,74.9575,74.9500,74.9525,116
1643712480,74.9525,74.9575,74.9500,74.9575,41
1643712660,74.9575,74.9575,74.9450,74.9450,10
1643712840,74.9450,74.9450,74.9400,74.9400,175
1643713020,74.9400,74.9450,74.9400,74.9450,43
1643713200,74.9450,74.9450,74.9375,74.9400,49
1643713380,74.9400,74.9400,74.9275,74.9400,70
1643713560,74.9400,74.9400,74.9325,74.9325,134
1643713740,74.9325,74.9350,74.9250,74.9350,252
1643713920,74.9350,74.9350,74.9225,74.9325,114
1643714100,74.9325,74.9325,74.9225,74.9300,70
1643714280,74.9300,74.9400,74.9300,74.9325,7
1643714460,74.9325,74.9325,74.9225,74.9250,17
1643714640,74.9250,74.9350,74.9250,74.9300,330
1643714820,74.9300,74.9300,74.9175,74.9225,278
1643772600,74.8450,74.8450,74.7875,74.8200,510
1643772780,74.8200,74.8250,74.8150,74.8200,330
1643772960,74.8200,74.8250,74.7900,74.7900,120
1643773140,74.7900,74.7950,74.7825,74.7850,164
1643773320,74.7850,74.7850,74.7700,74.7725,282
1643773500,74.7800,74.8075,74.7800,74.7950,206
1643773680,74.7950,74.7975,74.7900,74.7925,71
1643773860,74.7925,74.8025,74.7850,74.7850,16
1643774040,74.7850,74.7850,74.7850,74.7850,1
1643774220,74.7850,74.7950,74.7800,74.7800,539
1643774400,74.7800,74.7800,74.7625,74.7650,67
1643774580,74.7650,74.7825,74.7625,74.7825,52
1643774760,74.7825,74.8075,74.7825,74.8050,57
1643774940,74.8050,74.8225,74.8000,74.8200,406
1643775120,74.8200,74.8200,74.8175,74.8175,29
1643775300,74.8175,74.8325,74.8175,74.8250,13
1643775480,74.8300,74.8300,74.8250,74.8300,51
1643775660,74.8300,74.8525,74.8300,74.8525,71
1643775840,74.8525,74.8700,74.8500,74.8700,108
1643776020,74.8700,74.8700,74.8550,74.8600,37
1643776200,74.8600,74.8725,74.8550,74.8550,325
1643776380,74.8550,74.8700,74.8475,74.8475,519
1643776560,74.8475,74.8525,74.8100,74.8475,481
1643776740,74.8475,74.8700,74.8475,74.8675,134
1643776920,74.8675,74.8850,74.8625,74.8850,55
1643777100,74.8850,74.8850,74.8675,74.8700,118
1643777280,74.8700,74.8700,74.8400,74.8400,5
1643777460,74.8400,74.8400,74.8400,74.8400,2
1643777640,74.8400,74.8400,74.8400,74.8400,0
1643777820,74.8400,74.8500,74.8400,74.8500,2
1643778000,74.8500,74.8500,74.8500,74.8500,0
1643778180,74.8500,74.8900,74.8500,74.8875,331
1643778360,74.8875,74.8900,74.8750,74.8875,396
1643778540,74.8875,74.8875,74.8600,74.8600,19
1643778720,74.8600,74.8875,74.8600,74.8875,7
1643778900,74.8875,74.8875,74.8700,74.8700,81
1643779080,74.8700,74.8700,74.8600,74.8600,2
1643779260,74.8600,74.8600,74.8550,74.8550,351
1643779440,74.8550,74.8625,74.8550,74.8625,4
1643779620,74.8625,74.8625,74.8600,74.8600,254
1643779800,74.8600,74.8650,74.8575,74.8650,14
1643779980,74.8650,74.8675,74.8650,74.8675,4
1643780160,74.8675,74.8675,74.8675,74.8675,0
1643780340,74.8675,74.8675,74.8650,74.8650,10
1643780520,74.8650,74.8650,74.8650,74.8650,0
1643780700,74.8650,74.8725,74.8650,74.8675,13
1643780880,74.8675,74.8825,74.8650,74.8775,21
1643781060,74.8775,74.8875,74.8775,74.8875,12
1643781240,74.8850,74.9125,74.8850,74.9125,264
1643781420,74.9125,74.9325,74.9125,74.9225,1075
1643781600,74.9225,74.9425,74.9225,74.9325,59
1643781780,74.9325,74.9375,74.9300,74.9300,22
1643781960,74.9300,74.9300,74.9200,74.9200,36
1643782140,74.9200,74.9350,74.9200,74.9350,33
1643782320,74.9350,74.9350,74.9200,74.9250,17
1643782500,74.9250,74.9300,74.9250,74.9300,11
1643782680,74.9300,74.9325,74.9250,74.9250,61
1643782860,74.9250,74.9300,74.9250,74.9300,153
1643783040,74.9300,74.9300,74.9250,74.9250,75
1643783220,74.9250,74.9600,74.9250,74.9525,282
1643783400,74.9525,74.9900,74.9525,74.9825,265
1643783580,74.9825,75.0125,74.9825,75.0100,643
1643783760,75.0100,75.0225,74.9975,74.9975,231
1643783940,74.9975,75.0125,74.9975,75.0125,17
1643784120,75.0125,75.0125,75.0075,75.0075,107
1643784300,75.0075,75.0225,75.0075,75.0225,74
1643784480,75.0225,75.0325,75.0225,75.0250,67
1643784660,75.0250,75.0275,75.0250,75.0275,9
1643784840,75.0300,75.0675,75.0250,75.0600,720
1643785020,75.0600,75.0650,75.0475,75.0550,438
1643785200,75.0550,75.0675,75.0400,75.0400,502
1643785380,75.0400,75.0550,75.0375,75.0475,156
1643785560,75.0475,75.0475,75.0150,75.0225,587
1643785740,75.0225,75.0275,75.0125,75.0275,96
1643785920,75.0275,75.0775,75.0275,75.0775,757
1643786100,75.0775,75.0975,75.0700,75.0850,412
1643786280,75.0850,75.0925,75.0700,75.0800,356
1643786460,75.0800,75.0875,75.0675,75.0700,1095
1643786640,75.0700,75.0800,75.0475,75.0650,351
1643786820,75.0650,75.0775,75.0650,75.0775,371
1643787000,75.0775,75.0775,75.0625,75.0625,99
1643787180,75.0625,75.0625,75.0525,75.0550,64
1643787360,75.0550,75.0625,75.0550,75.0575,66
1643787540,75.0575,75.0675,75.0350,75.0350,359
1643787720,75.0350,75.0425,75.0350,75.0425,5
1643787900,75.0425,75.0550,75.0325,75.0400,185
1643788080,75.0400,75.0400,75.0300,75.0350,287
1643788260,75.0350,75.0525,75.0350,75.0375,256
1643788440,75.0375,75.0450,75.0275,75.0325,417
1643788620,75.0325,75.0375,75.0325,75.0375,475
1643788800,75.0375,75.0450,75.0375,75.0450,2
1643788980,75.0450,75.0450,75.0450,75.0450,1
1643789160,75.0450,75.0625,75.0450,75.0625,78
1643789340,75.0625,75.0700,75.0600,75.0650,539
1643789520,75.0650,75.0875,75.0650,75.0775,453
1643789700,75.0700,75.0700,75.0275,75.0275,701
1643789880,75.0275,75.0450,75.0275,75.0450,423
1643790060,75.0450,75.0450,75.0125,75.0125,580
1643790240,75.0175,75.0325,75.0050,75.0050,968
1643790420,75.0050,75.0175,75.0050,75.0075,404
1643790600,75.0075,75.0075,74.9700,74.9975,542
1643790780,74.9975,75.0100,74.9975,75.0100,45
1643790960,75.0100,75.0225,75.0100,75.0225,30
1643791140,75.0225,75.0225,75.0175,75.0175,10
1643791320,75.0175,75.0525,75.0175,75.0450,343
1643791500,75.0450,75.0475,75.0450,75.0475,2
1643791680,75.0475,75.0650,75.0425,75.0450,255
1643791860,75.0450,75.0450,75.0425,75.0425,7
1643792040,75.0425,75.0525,75.0350,75.0450,78
1643792220,75.0450,75.0450,75.0450,75.0450,0
1643792400,75.0450,75.0450,75.0200,75.0200,224
1643792580,75.0200,75.0200,75.0175,75.0175,118
1643792760,75.0175,75.0200,75.0025,75.0050,86
1643792940,75.0050,75.0100,74.9925,75.0025,246
1643793120,75.0025,75.0175,75.0025,75.0025,13
1643793300,75.0025,75.0050,74.9950,74.9950,138
1643793480,74.9950,74.9950,74.9750,74.9800,90
1643793660,74.9800,74.9825,74.9700,74.9750,377
1643793840,74.9750,74.9750,74.9575,74.9625,717
1643794020,74.9625,74.9825,74.9625,74.9750,150
1643794200,74.9750,74.9750,74.9600,74.9675,195
1643794380,74.9675,74.9775,74.9625,74.9625,169
1643794560,74.9625,74.9625,74.9525,74.9525,146
1643794740,74.9525,74.9575,74.9250,74.9275,566
1643794920,74.9275,74.9300,74.9200,74.9225,781
1643795100,74.9225,74.9500,74.9225,74.9425,98
1643795280,74.9425,74.9525,74.9375,74.9375,125
1643795460,74.9375,74.9500,74.9375,74.9500,75
1643795640,74.9500,74.9500,74.9325,74.9375,86
1643795820,74.9375,74.9400,74.9225,74.9275,124
1643796000,74.9275,74.9275,74.9200,74.9200,41
1643796180,74.9200,74.9250,74.9125,74.9225,360
1643796360,74.9225,74.9225,74.9125,74.9225,168
1643796540,74.9225,74.9225,74.9175,74.9200,298
1643796720,74.9175,74.9175,74.9125,74.9175,1100
1643796900,74.9175,74.9250,74.9175,74.9225,427
1643797080,74.9225,74.9225,74.9100,74.9125,96
1643797260,74.9125,74.9175,74.8950,74.8975,216
1643797440,74.8975,74.8975,74.8850,74.8875,200
1643797620,74.8875,74.8875,74.8800,74.8800,61
1643797800,74.8800,74.8800,74.8775,74.8800,47
1643797980,74.8800,74.8825,74.8775,74.8775,19
1643798160,74.8775,74.8800,74.8575,74.8575,344
1643798340,74.8575,74.8600,74.8475,74.8500,327
1643798520,74.8500,74.8500,74.8375,74.8450,337
1643798700,74.8450,74.8550,74.8450,74.8450,20
1643798880,74.8450,74.8500,74.8425,74.8500,87
1643799060,74.8500,74.8500,74.8375,74.8400,397
1643799240,74.8400,74.8675,74.8400,74.8675,124
1643799420,74.8675,74.8750,74.8600,74.8600,125
1643799600,74.8600,74.8600,74.8500,74.8575,13
1643799780,74.8575,74.8700,74.8525,74.8700,33
1643799960,74.8700,74.8750,74.8675,74.8725,146
1643800140,74.8725,74.8725,74.8625,74.8675,40
1643800320,74.8675,74.8700,74.8675,74.8700,32
1643800500,74.8700,74.8800,74.8700,74.8725,79
1643800680,74.8725,74.8750,74.8700,74.8700,121
1643800860,74.8700,74.8700,74.8625,74.8625,345
1643801040,74.8625,74.8650,74.8600,74.8600,267
1643801220,74.8600,74.8600,74.8550,74.8600,649
1643859000,75.1875,75.1875,74.8625,74.9075,290
1643859180,74.9075,74.9250,74.9050,74.9250,653
1643859360,74.9250,74.9350,74.9250,74.9250,163
1643859540,74.9250,74.9300,74.9175,74.9300,43
1643859720,74.9300,74.9425,74.9225,74.9425,258
1643859900,74.9425,74.9425,74.9225,74.9275,108
1643860080,74.9275,74.9300,74.9275,74.9300,56
1643860260,74.9300,74.9350,74.9300,74.9350,64
1643860440,74.9350,74.9450,74.9300,74.9450,13
1643860620,74.9450,74.9450,74.9300,74.9350,62
1643860800,74.9350,74.9350,74.8975,74.8975,40
1643860980,74.8975,74.9100,74.8950,74.9025,161
1643861160,74.9025,74.9075,74.8950,74.9000,79
1643861340,74.9000,74.9050,74.8925,74.9050,69
1643861520,74.9050,74.9225,74.9050,74.9175,339
1643861700,74.9175,74.9200,74.9075,74.9125,852
1643861880,74.9125,74.9175,74.9100,74.9175,23
1643862060,74.9175,74.9275,74.9175,74.9275,693
1643862240,74.9225,74.9575,74.9225,74.9400,762
1643862420,74.9400,74.9425,74.9350,74.9375,21
1643862600,74.9375,74.9525,74.9300,74.9450,139
1643862780,74.9450,74.9650,74.9450,74.9625,428
1643862960,74.9625,74.9850,74.9600,74.9850,38
1643863140,74.9850,74.9850,74.9700,74.9700,1320
1643863320,74.9700,74.9700,74.9625,74.9650,107
1643863500,74.9650,74.9650,74.9275,74.9350,604
1643863680,74.9350,74.9350,74.8875,74.8875,2559
1643863860,74.8850,74.9075,74.8625,74.8875,1777
1643864040,74.8875,74.8875,74.8575,74.8700,1403
1643864220,74.8700,74.8975,74.8700,74.8900,504
1643864400,74.8900,74.8900,74.8650,74.8775,97
1643864580,74.8775,74.9050,74.8775,74.8875,177
1643864760,74.8875,74.8950,74.8800,74.8875,129
1643864940,74.8875,74.9100,74.8875,74.9075,3491
1643865120,74.9075,74.9075,74.8950,74.8950,121
1643865300,74.8950,74.8975,74.8950,74.8975,4
1643865480,74.8975,74.8975,74.8825,74.8850,33
1643865660,74.8750,74.8750,74.8250,74.8425,1729
1643865840,74.8425,74.8425,74.8225,74.8400,146
1643866020,74.8400,74.8400,74.8200,74.8275,280
1643866200,74.8275,74.8375,74.8150,74.8150,106
1643866380,74.8150,74.8275,74.8075,74.8225,195
1643866560,74.8225,74.8550,74.8225,74.8550,211
1643866740,74.8575,74.8575,74.8475,74.8500,59
1643866920,74.8500,74.8550,74.8475,74.8525,18
1643867100,74.8525,74.8525,74.8425,74.8425,30
1643867280,74.8425,74.8825,74.8425,74.8700,94
1643867460,74.8700,74.8925,74.8700,74.8850,71
1643867640,74.8900,74.8900,74.8725,74.8875,286
1643867820,74.8875,74.8875,74.8675,74.8700,71
1643868000,74.8700,74.8975,74.8700,74.8875,90
1643868180,74.8875,74.8875,74.8600,74.8675,120
1643868360,74.8700,74.8750,74.8700,74.8750,94
1643868540,74.8750,74.8800,74.8650,74.8750,98
1643868720,74.8750,74.9050,74.8750,74.8875,116
1643868900,74.8875,74.9175,74.8850,74.9025,1229
1643869080,74.9025,74.9150,74.9025,74.9125,86
1643869260,74.9125,74.9150,74.9050,74.9100,487
1643869440,74.9100,74.9225,74.9100,74.9175,118
1643869620,74.9175,74.9300,74.9150,74.9175,2171
1643869800,74.9175,74.9300,74.9175,74.9300,1224
1643869980,74.9225,74.9350,74.9125,74.9350,588
1643870160,74.9350,74.9375,74.9275,74.9275,110
1643870340,74.9275,74.9275,74.9025,74.9025,801
1643870520,74.9025,74.9125,74.9025,74.9125,93
1643870700,74.9125,74.9175,74.9125,74.9175,26
1643870880,74.9175,74.9175,74.9075,74.9100,44
1643871060,74.9100,74.9100,74.8900,74.8900,91
1643871240,74.8900,74.8925,74.8900,74.8925,36
1643871420,74.8925,74.9050,74.8925,74.9050,113
1643871600,74.9050,74.9050,74.9000,74.9000,51
1643871780,74.9000,74.9000,74.8875,74.8875,111
1643871960,74.8900,74.9000,74.8900,74.9000,28
1643872140,74.9000,74.9000,74.8850,74.8850,20
1643872320,74.8850,74.8900,74.8850,74.8900,2
1643872500,74.8900,74.8900,74.8900,74.8900,0
1643872680,74.8900,74.8975,74.8850,74.8850,34
1643872860,74.8850,74.8925,74.8850,74.8925,895
1643873040,74.8925,74.9125,74.8925,74.9125,419
1643873220,74.9125,74.9225,74.9125,74.9150,25
1643873400,74.9150,74.9150,74.9075,74.9075,3
1643873580,74.9075,74.9075,74.9075,74.9075,0
1643873760,74.9075,74.9200,74.9075,74.9200,27
1643873940,74.9200,74.9350,74.9200,74.9350,71
1643874120,74.9350,74.9350,74.9200,74.9300,277
1643874300,74.9300,74.9350,74.9275,74.9350,1530
1643874480,74.9350,74.9600,74.9350,74.9600,263
1643874660,74.9600,74.9675,74.9525,74.9625,420
1643874840,74.9625,74.9625,74.9525,74.9525,111
1643875020,74.9525,74.9525,74.9500,74.9525,25
1643875200,74.9525,74.9550,74.9500,74.9500,79
1643875380,74.9500,74.9500,74.9350,74.9350,36
1643875560,74.9350,74.9425,74.9300,74.9425,190
1643875740,74.9450,74.9500,74.9375,74.9400,70
1643875920,74.9400,74.9400,74.9275,74.9275,45
1643876100,74.9275,74.9375,74.9225,74.9350,25
1643876280,74.9350,74.9375,74.9275,74.9375,8
1643876460,74.9375,74.9550,74.9375,74.9425,20
1643876640,74.9425,74.9550,74.9325,74.9550,130
1643876820,74.9550,74.9775,74.9550,74.9700,1638
1643877000,74.9700,74.9825,74.9675,74.9675,281
1643877180,74.9675,74.9675,74.9300,74.9300,458
1643877360,74.9300,74.9375,74.9300,74.9375,40
1643877540,74.9375,74.9375,74.9250,74.9300,1622
1643877720,74.9300,74.9325,74.9125,74.9150,1383
1643877900,74.9150,74.9175,74.9025,74.9050,216
1643878080,74.9050,74.9250,74.9050,74.9250,131
1643878260,74.9250,74.9250,74.9150,74.9175,1107
1643878440,74.9175,74.9175,74.9100,74.9125,223
1643878620,74.9125,74.9175,74.9100,74.9175,591
1643878800,74.9175,74.9175,74.8950,74.9000,389
1643878980,74.9000,74.9075,74.9000,74.9025,52
1643879160,74.9025,74.9050,74.8975,74.9050,70
1643879340,74.9050,74.9125,74.9050,74.9125,19
1643879520,74.9125,74.9225,74.9125,74.9225,49
1643879700,74.9225,74.9250,74.9175,74.9175,59
1643879880,74.9175,74.9175,74.8900,74.8950,51
1643880060,74.8950,74.8950,74.8700,74.8700,61
1643880240,74.8700,74.8700,74.8625,74.8675,148
1643880420,74.8675,74.8750,74.8550,74.8750,218
1643880600,74.8750,74.8875,74.8750,74.8875,11
1643880780,74.8875,74.8900,74.8875,74.8900,60
1643880960,74.8900,74.9100,74.8900,74.9050,180
1643881140,74.9050,74.9200,74.9050,74.9175,434
1643881320,74.9175,74.9425,74.9125,74.9425,308
1643881500,74.9425,74.9500,74.9375,74.9375,336
1643881680,74.9375,74.9375,74.9225,74.9275,182
1643881860,74.9250,74.9350,74.9225,74.9300,144
1643882040,74.9300,74.9325,74.9175,74.9250,163
1643882220,74.9250,74.9275,74.9225,74.9275,30
1643882400,74.9275,74.9375,74.9250,74.9375,31
1643882580,74.9375,74.9525,74.9375,74.9500,286
1643882760,74.9500,74.9525,74.9500,74.9525,249
1643882940,74.9525,74.9550,74.9500,74.9550,61
1643883120,74.9550,74.9550,74.9475,74.9525,241
1643883300,74.9525,74.9550,74.9500,74.9500,190
1643883480,74.9500,74.9500,74.9500,74.9500,11
1643883660,74.9500,74.9500,74.9500,74.9500,1
1643883840,74.9500,74.9525,74.9450,74.9450,10
1643884020,74.9450,74.9525,74.9450,74.9525,15
1643884200,74.9525,74.9525,74.9425,74.9425,464
1643884380,74.9425,74.9500,74.9425,74.9450,244
1643884560,74.9450,74.9525,74.9450,74.9525,85
1643884740,74.9525,74.9525,74.9475,74.9475,18
1643884920,74.9475,74.9500,74.9475,74.9500,24
1643885100,74.9500,74.9525,74.9500,74.9525,7
1643885280,74.9525,74.9700,74.9525,74.9700,134
1643885460,74.9700,74.9800,74.9675,74.9750,159
1643885640,74.9750,74.9875,74.9750,74.9825,171
1643885820,74.9825,74.9950,74.9825,74.9875,533
1643886000,74.9875,74.9875,74.9675,74.9725,189
1643886180,74.9725,74.9800,74.9650,74.9675,87
1643886360,74.9675,74.9700,74.9650,74.9650,28
1643886540,74.9650,74.9650,74.9550,74.9600,19
1643886720,74.9600,74.9650,74.9600,74.9625,201
1643886900,74.9625,74.9650,74.9600,74.9600,98
1643887080,74.9600,74.9625,74.9525,74.9525,218
1643887260,74.9525,74.9600,74.9500,74.9575,138
1643887440,74.9575,74.9650,74.9575,74.9650,468
1643887620,74.9650,74.9675,74.9600,74.9625,282
1643945400,74.8100,74.9000,74.6250,74.7825,4010
1643945580,74.7825,74.7925,74.7725,74.7750,1543
1643945760,74.7750,74.7800,74.7700,74.7725,936
1643945940,74.7725,74.7775,74.7700,74.7700,180
1643946120,74.7700,74.7800,74.7700,74.7750,48
1643946300,74.7750,74.7925,74.7750,74.7875,288
1643946480,74.7875,74.7875,74.7750,74.7750,103
1643946660,74.7750,74.7800,74.7725,74.7750,869
1643946840,74.7750,74.7750,74.7725,74.7750,123
1643947020,74.7750,74.7800,74.7725,74.7775,1348
1643947200,74.7775,74.7775,74.7550,74.7600,386
1643947380,74.7600,74.7625,74.7450,74.7450,205
1643947560,74.7450,74.7625,74.7450,74.7625,411
1643947740,74.7625,74.7675,74.7525,74.7525,71
1643947920,74.7525,74.7600,74.7525,74.7550,303
1643948100,74.7550,74.7875,74.7550,74.7850,440
1643948280,74.7850,74.8000,74.7700,74.7825,1983
1643948460,74.7825,74.7850,74.7775,74.7825,2709
1643948640,74.7825,74.7850,74.7750,74.7750,1130
1643948820,74.7725,74.7725,74.7675,74.7700,469
1643949000,74.7700,74.8025,74.7700,74.8000,1198
1643949180,74.8000,74.8125,74.7950,74.8000,5641
1643949360,74.8000,74.8150,74.8000,74.8075,916
1643949540,74.8075,74.8200,74.8000,74.8100,502
1643949720,74.8100,74.8225,74.8025,74.8175,2349
1643949900,74.8175,74.8175,74.8100,74.8100,212
1643950080,74.8100,74.8150,74.8100,74.8150,566
1643950260,74.8150,74.8150,74.8025,74.8025,2844
1643950440,74.8025,74.8125,74.8025,74.8125,2164
1643950620,74.8125,74.8275,74.8125,74.8275,1339
1643950800,74.8275,74.8275,74.8125,74.8150,113
1643950980,74.8150,74.8250,74.8100,74.8250,365
1643951160,74.8200,74.8250,74.8100,74.8125,536
1643951340,74.8125,74.8125,74.7850,74.7900,2673
1643951520,74.7900,74.7925,74.7875,74.7875,1807
1643951700,74.7875,74.7900,74.7800,74.7875,698
1643951880,74.7875,74.7950,74.7750,74.7750,374
1643952060,74.7750,74.7850,74.7625,74.7625,1645
1643952240,74.7625,74.7700,74.7500,74.7525,5270
1643952420,74.7525,74.7525,74.7350,74.7450,3242
1643952600,74.7450,74.7700,74.7450,74.7700,4533
1643952780,74.7700,74.7725,74.7650,74.7650,1399
1643952960,74.7650,74.7800,74.7625,74.7700,414
1643953140,74.7700,74.7700,74.7650,74.7675,190
1643953320,74.7675,74.7725,74.7625,74.7700,1370
1643953500,74.7700,74.7800,74.7700,74.7725,250
1643953680,74.7725,74.7725,74.7650,74.7700,288
1643953860,74.7700,74.7750,74.7675,74.7675,6547
1643954040,74.7675,74.7700,74.7550,74.7550,3203
1643954220,74.7550,74.7550,74.7325,74.7450,5094
1643954400,74.7450,74.7625,74.7350,74.7550,2455
1643954580,74.7550,74.7550,74.7450,74.7500,342
1643954760,74.7500,74.7700,74.7500,74.7700,1110
1643954940,74.7700,74.8025,74.7650,74.7950,3711
1643955120,74.7950,74.8000,74.7875,74.7875,189
1643955300,74.7900,74.7900,74.7725,74.7800,2399
1643955480,74.7800,74.7850,74.7800,74.7850,178
1643955660,74.7850,74.8000,74.7850,74.7950,173
1643955840,74.7950,74.7950,74.7850,74.7950,412
1643956020,74.7950,74.8050,74.7925,74.8050,1411
1643956200,74.8050,74.8050,74.7900,74.7925,1176
1643956380,74.7925,74.8000,74.7925,74.7950,1625
1643956560,74.7950,74.8000,74.7875,74.7875,227
1643956740,74.7875,74.7875,74.7750,74.7750,213
1643956920,74.7750,74.7750,74.7600,74.7600,3851
1643957100,74.7625,74.7625,74.7500,74.7550,3835
1643957280,74.7550,74.7675,74.7525,74.7650,5617
1643957460,74.7650,74.7675,74.7550,74.7550,661
1643957640,74.7550,74.7650,74.7550,74.7575,223
1643957820,74.7575,74.7700,74.7525,74.7700,1527
1643958000,74.7700,74.7700,74.7625,74.7700,9255
1643958180,74.7700,74.7825,74.7700,74.7800,6468
1643958360,74.7800,74.7875,74.7775,74.7850,1619
1643958540,74.7850,74.7850,74.7750,74.7800,2380
1643958720,74.7800,74.7800,74.7700,74.7700,1438
1643958900,74.7700,74.7750,74.7650,74.7750,2501
1643959080,74.7750,74.7750,74.7675,74.7675,455
1643959260,74.7675,74.7700,74.7650,74.7700,85
1643959440,74.7700,74.7700,74.7700,74.7700,11
1643959620,74.7700,74.8000,74.7675,74.7975,1007
1643959800,74.7975,74.8050,74.7850,74.8000,1159
1643959980,74.8000,74.8000,74.7850,74.7900,3895
1643960160,74.7900,74.8000,74.7850,74.7850,1229
1643960340,74.7850,74.7900,74.7850,74.7850,739
1643960520,74.7850,74.7875,74.7775,74.7775,776
1643960700,74.7775,74.7850,74.7775,74.7775,1304
1643960880,74.7775,74.7850,74.7775,74.7775,3396
1643961060,74.7775,74.7825,74.7775,74.7800,785
1643961240,74.7800,74.7850,74.7775,74.7800,328
1643961420,74.7800,74.7800,74.7775,74.7800,322
1643961600,74.7800,74.7925,74.7800,74.7875,1906
1643961780,74.7875,74.8075,74.7875,74.8075,176
1643961960,74.8075,74.8300,74.8025,74.8275,1732
1643962140,74.8275,74.8275,74.7975,74.7975,783
1643962320,74.7975,74.8125,74.7975,74.8075,1099
1643962500,74.8075,74.8075,74.7950,74.7950,275
1643962680,74.7950,74.8050,74.7850,74.8050,372
1643962860,74.8050,74.8175,74.7975,74.8050,668
1643963040,74.8050,74.8075,74.7700,74.7700,573
1643963220,74.7700,74.7775,74.7550,74.7700,1404
1643963400,74.7700,74.7700,74.7350,74.7575,1263
1643963580,74.7550,74.7800,74.7550,74.7700,1534
1643963760,74.7700,74.7700,74.7450,74.7600,3323
1643963940,74.7550,74.7750,74.7525,74.7725,2046
1643964120,74.7725,74.7725,74.7600,74.7625,1705
1643964300,74.7625,74.7650,74.7575,74.7650,949
1643964480,74.7650,74.7725,74.7625,74.7650,1199
1643964660,74.7650,74.7725,74.7650,74.7725,1024
1643964840,74.7725,74.7775,74.7725,74.7725,703
1643965020,74.7725,74.7775,74.7675,74.7775,232
1643965200,74.7775,74.7875,74.7750,74.7750,2105
1643965380,74.7775,74.7800,74.7600,74.7650,1510
1643965560,74.7650,74.7675,74.7575,74.7625,204
1643965740,74.7625,74.7650,74.7625,74.7650,5
1643965920,74.7600,74.7650,74.7600,74.7625,105
1643966100,74.7625,74.7625,74.7550,74.7550,27
1643966280,74.7575,74.7650,74.7500,74.7500,2322
1643966460,74.7500,74.7825,74.7500,74.7750,835
1643966640,74.7800,74.7950,74.7750,74.7900,2488
1643966820,74.7900,74.7900,74.7800,74.7850,193
1643967000,74.7850,74.7850,74.7700,74.7700,276
1643967180,74.7700,74.7750,74.7675,74.7750,100
1643967360,74.7750,74.7825,74.7725,74.7750,486
1643967540,74.7750,74.7800,74.7675,74.7750,697
1643967720,74.7750,74.7750,74.7700,74.7700,784
1643967900,74.7700,74.7700,74.7700,74.7700,0
1643968080,74.7700,74.7850,74.7700,74.7825,90
1643968260,74.7825,74.7900,74.7750,74.7825,647
1643968440,74.7825,74.7875,74.7750,74.7825,830
1643968620,74.7825,74.7825,74.7575,74.7575,3558
1643968800,74.7575,74.7675,74.7525,74.7675,2140
1643968980,74.7675,74.7675,74.7550,74.7650,1042
1643969160,74.7650,74.7750,74.7650,74.7725,621
1643969340,74.7700,74.7725,74.7650,74.7650,267
1643969520,74.7650,74.7650,74.7550,74.7575,112
1643969700,74.7575,74.7600,74.7550,74.7600,206
1643969880,74.7600,74.7700,74.7600,74.7700,405
1643970060,74.7700,74.7725,74.7650,74.7675,372
1643970240,74.7675,74.7700,74.7600,74.7600,481
1643970420,74.7600,74.7600,74.7475,74.7500,2661
1643970600,74.7500,74.7525,74.7475,74.7525,2003
1643970780,74.7525,74.7600,74.7500,74.7600,680
1643970960,74.7575,74.7575,74.7550,74.7575,263
1643971140,74.7575,74.7575,74.7500,74.7525,106
1643971320,74.7525,74.7600,74.7525,74.7600,291
1643971500,74.7600,74.7625,74.7600,74.7625,288
1643971680,74.7625,74.7675,74.7575,74.7625,291
1643971860,74.7625,74.7625,74.7575,74.7575,110
1643972040,74.7575,74.7625,74.7575,74.7575,80
1643972220,74.7575,74.7575,74.7450,74.7475,350
1643972400,74.7475,74.7500,74.7450,74.7500,1062
1643972580,74.7500,74.7500,74.7400,74.7450,462
1643972760,74.7450,74.7550,74.7425,74.7550,747
1643972940,74.7550,74.7600,74.7500,74.7550,2404
1643973120,74.7550,74.7600,74.7550,74.7600,2463
1643973300,74.7600,74.7625,74.7575,74.7600,706
1643973480,74.7600,74.7600,74.7525,74.7550,2058
1643973660,74.7550,74.7600,74.7550,74.7550,670
1643973840,74.7600,74.7600,74.7475,74.7500,1507
1643974020,74.7500,74.7550,74.7475,74.7525,1370
1644291000,74.7525,74.8875,74.7000,74.7200,1264
1644291180,74.7200,74.7200,74.6900,74.6900,2611
1644291360,74.6900,74.6975,74.6875,74.6975,1538
1644291540,74.6975,74.6975,74.6900,74.6900,2530
1644291720,74.6900,74.6925,74.6875,74.6900,2665
1644291900,74.6900,74.6900,74.6700,74.6725,2593
1644292080,74.6725,74.6750,74.6600,74.6725,2515
1644292260,74.6725,74.6900,74.6725,74.6900,1653
1644292440,74.6900,74.7025,74.6900,74.6975,1352
1644292620,74.6975,74.7100,74.6975,74.7050,373
1644292800,74.7050,74.7075,74.6925,74.6925,2755
1644292980,74.6900,74.6900,74.6600,74.6650,1138
1644293160,74.6650,74.6775,74.6625,74.6700,1717
1644293340,74.6700,74.6875,74.6700,74.6725,420
1644293520,74.6725,74.6750,74.6500,74.6500,2595
1644293700,74.6500,74.6725,74.6450,74.6725,914
1644293880,74.6725,74.6750,74.6575,74.6575,3167
1644294060,74.6650,74.6700,74.6575,74.6600,679
1644294240,74.6600,74.6675,74.6575,74.6575,1885
1644294420,74.6575,74.6675,74.6525,74.6550,575
1644294600,74.6550,74.6725,74.6375,74.6400,3951
1644294780,74.6400,74.6500,74.6325,74.6425,1595
1644294960,74.6425,74.6525,74.6425,74.6525,1976
1644295140,74.6525,74.6650,74.6500,74.6625,2262
1644295320,74.6625,74.6900,74.6625,74.6800,1536
1644295500,74.6800,74.6825,74.6725,74.6800,229
1644295680,74.6800,74.6800,74.6650,74.6675,1004
1644295860,74.6725,74.6725,74.6525,74.6675,1302
1644296040,74.6675,74.6775,74.6650,74.6750,1075
1644296220,74.6750,74.6750,74.6500,74.6500,151
1644296400,74.6500,74.6500,74.6150,74.6300,2509
1644296580,74.6300,74.6575,74.6300,74.6550,2912
1644296760,74.6575,74.6625,74.6375,74.6450,3483
1644296940,74.6450,74.6625,74.6450,74.6600,335
1644297120,74.6600,74.6900,74.6600,74.6900,1412
1644297300,74.6900,74.6900,74.6700,74.6900,415
1644297480,74.6900,74.6975,74.6900,74.6925,635
1644297660,74.6925,74.6925,74.6775,74.6775,1055
1644297840,74.6775,74.6825,74.6750,74.6825,3183
1644298020,74.6825,74.6825,74.6700,74.6700,973
1644298200,74.6700,74.6875,74.6700,74.6875,709
1644298380,74.6875,74.6900,74.6800,74.6900,100
1644298560,74.6900,74.6900,74.6800,74.6850,272
1644298740,74.6850,74.6900,74.6800,74.6800,464
1644298920,74.6800,74.6900,74.6775,74.6900,130
1644299100,74.6900,74.6900,74.6775,74.6875,14
1644299280,74.6875,74.6875,74.6775,74.6825,297
1644299460,74.6825,74.6825,74.6800,74.6800,66
1644299640,74.6800,74.6850,74.6775,74.6825,103
1644299820,74.6825,74.7000,74.6825,74.6975,108
1644300000,74.6975,74.7000,74.6900,74.6950,125
1644300180,74.6950,74.6975,74.6850,74.6900,919
1644300360,74.6900,74.6950,74.6850,74.6950,151
1644300540,74.6950,74.7225,74.6950,74.7225,4273
1644300720,74.7250,74.7400,74.7200,74.7200,3677
1644300900,74.7200,74.7400,74.7175,74.7275,902
1644301080,74.7275,74.7325,74.7225,74.7225,227
1644301260,74.7225,74.7250,74.7125,74.7250,1397
1644301440,74.7250,74.7300,74.7225,74.7275,443
1644301620,74.7275,74.7275,74.7225,74.7250,118
1644301800,74.7250,74.7250,74.7175,74.7225,204
1644301980,74.7225,74.7275,74.7150,74.7150,435
1644302160,74.7150,74.7175,74.7125,74.7150,369
1644302340,74.7150,74.7175,74.7125,74.7175,73
1644302520,74.7175,74.7250,74.7175,74.7250,224
1644302700,74.7250,74.7350,74.7250,74.7275,340
1644302880,74.7275,74.7400,74.7225,74.7325,38
1644303060,74.7250,74.7250,74.7175,74.7175,1216
1644303240,74.7175,74.7175,74.6975,74.7000,2318
1644303420,74.6950,74.6975,74.6900,74.6950,1502
1644303600,74.6950,74.7050,74.6875,74.7050,1052
1644303780,74.7050,74.7325,74.7025,74.7025,112
1644303960,74.7025,74.7125,74.7025,74.7125,100
1644304140,74.7125,74.7425,74.7075,74.7400,2737
1644304320,74.7400,74.7775,74.7375,74.7750,3629
1644304500,74.7750,74.7900,74.7700,74.7825,1213
1644304680,74.7825,74.8025,74.7700,74.7950,6929
1644304860,74.7950,74.8000,74.7825,74.8000,1599
1644305040,74.8000,74.8025,74.7775,74.7850,2410
1644305220,74.7850,74.8100,74.7825,74.8000,3246
1644305400,74.8000,74.8225,74.8000,74.8050,1634
1644305580,74.8000,74.8100,74.7850,74.7900,3712
1644305760,74.7900,74.8025,74.7900,74.8000,764
1644305940,74.8000,74.8050,74.7975,74.7975,34
1644306120,74.7975,74.7975,74.7775,74.7775,521
1644306300,74.7800,74.8000,74.7750,74.7950,1079
1644306480,74.7950,74.8075,74.7950,74.8000,684
1644306660,74.8000,74.8000,74.7850,74.7925,668
1644306840,74.7925,74.8100,74.7925,74.8100,1485
1644307020,74.8100,74.8400,74.8100,74.8400,839
1644307200,74.8400,74.8400,74.7925,74.7950,609
1644307380,74.7950,74.8000,74.7950,74.8000,44
1644307560,74.8000,74.8050,74.8000,74.8050,79
1644307740,74.8050,74.8050,74.7825,74.7875,770
1644307920,74.7875,74.7900,74.7775,74.7850,496
1644308100,74.7850,74.7900,74.7750,74.7850,820
1644308280,74.7875,74.7925,74.7825,74.7850,605
1644308460,74.7850,74.7925,74.7850,74.7875,314
1644308640,74.7875,74.7875,74.7850,74.7875,6
1644308820,74.7875,74.7975,74.7875,74.7925,400
1644309000,74.7925,74.7925,74.7875,74.7925,210
1644309180,74.7975,74.7975,74.7925,74.7950,56
1644309360,74.7950,74.8025,74.7900,74.7900,1341
1644309540,74.7900,74.7900,74.7750,74.7750,3846
1644309720,74.7750,74.7825,74.7750,74.7750,304
1644309900,74.7750,74.7775,74.7700,74.7775,1629
1644310080,74.7775,74.7800,74.7675,74.7675,533
1644310260,74.7675,74.7700,74.7650,74.7700,155
1644310440,74.7700,74.7825,74.7625,74.7825,322
1644310620,74.7825,74.7875,74.7775,74.7825,630
1644310800,74.7825,74.7900,74.7675,74.7775,274
1644310980,74.7775,74.7825,74.7650,74.7750,641
1644311160,74.7750,74.7825,74.7750,74.7825,160
1644311340,74.7825,74.7825,74.7800,74.7825,38
1644311520,74.7825,74.7825,74.7800,74.7800,12
1644311700,74.7875,74.7900,74.7800,74.7850,178
1644311880,74.7850,74.8050,74.7850,74.8050,398
1644312060,74.8100,74.8400,74.8075,74.8400,2218
1644312240,74.8400,74.8400,74.8150,74.8175,288
1644312420,74.8175,74.8225,74.8100,74.8100,2362
1644312600,74.8100,74.8200,74.8025,74.8050,121
1644312780,74.8050,74.8075,74.7875,74.7875,925
1644312960,74.7875,74.8075,74.7875,74.8000,347
1644313140,74.8000,74.8100,74.8000,74.8075,39
1644313320,74.8075,74.8075,74.7900,74.7975,64
1644313500,74.7975,74.7975,74.7750,74.7750,1906
1644313680,74.7750,74.7900,74.7725,74.7825,2032
1644313860,74.7825,74.7875,74.7725,74.7825,695
1644314040,74.7825,74.7850,74.7825,74.7850,45
1644314220,74.7850,74.7975,74.7850,74.7850,145
1644314400,74.7850,74.7875,74.7800,74.7850,569
1644314580,74.7850,74.7950,74.7850,74.7875,645
1644314760,74.7875,74.7950,74.7875,74.7900,58
1644314940,74.7900,74.7925,74.7850,74.7875,645
1644315120,74.7875,74.7900,74.7850,74.7850,1668
1644315300,74.7850,74.7900,74.7850,74.7900,514
1644315480,74.7900,74.7900,74.7875,74.7900,64
1644315660,74.7900,74.7900,74.7800,74.7800,270
1644315840,74.7800,74.7825,74.7775,74.7775,38
1644316020,74.7775,74.7800,74.7725,74.7725,92
1644316200,74.7725,74.7775,74.7650,74.7725,324
1644316380,74.7725,74.7725,74.7675,74.7675,131
1644316560,74.7675,74.7750,74.7675,74.7750,83
1644316740,74.7750,74.7750,74.7700,74.7700,34
1644316920,74.7700,74.7700,74.7700,74.7700,4
1644317100,74.7700,74.7800,74.7675,74.7725,3408
1644317280,74.7725,74.7800,74.7725,74.7725,438
1644317460,74.7725,74.7750,74.7700,74.7700,11
1644317640,74.7700,74.7750,74.7700,74.7700,72
1644317820,74.7700,74.7725,74.7675,74.7675,36
1644318000,74.7675,74.7700,74.7650,74.7700,214
1644318180,74.7725,74.7800,74.7725,74.7800,482
1644318360,74.7800,74.7800,74.7750,74.7800,10
1644318540,74.7800,74.7800,74.7600,74.7625,1871
1644318720,74.7625,74.7750,74.7625,74.7750,411
1644318900,74.7750,74.7850,74.7700,74.7825,245
1644319080,74.7825,74.7850,74.7750,74.7825,409
1644319260,74.7800,74.7825,74.7750,74.7750,204
1644319440,74.7725,74.7750,74.7650,74.7650,458
1644319620,74.7650,74.7750,74.7625,74.7625,862
1644377400,74.7625,74.7625,74.6850,74.7125,870
1644377580,74.7125,74.7175,74.7075,74.7175,218
1644377760,74.7175,74.7225,74.7150,74.7175,397
1644377940,74.7175,74.7225,74.7125,74.7225,522
1644378120,74.7225,74.7275,74.7175,74.7250,336
1644378300,74.7250,74.7250,74.7050,74.7050,1767
1644378480,74.7050,74.7100,74.6900,74.6950,874
1644378660,74.6950,74.7050,74.6800,74.6800,734
1644378840,74.6800,74.6950,74.6800,74.6950,372
1644379020,74.6950,74.6950,74.6850,74.6850,1627
1644379200,74.6825,74.6875,74.6700,74.6875,1834
1644379380,74.6875,74.7000,74.6850,74.6900,94
1644379560,74.6900,74.6900,74.6825,74.6825,53
1644379740,74.6825,74.6950,74.6825,74.6950,49
1644379920,74.6950,74.7000,74.6950,74.6975,369
1644380100,74.6975,74.6975,74.6850,74.6850,146
1644380280,74.6850,74.6950,74.6850,74.6950,83
1644380460,74.6950,74.7225,74.6950,74.7150,168
1644380640,74.7150,74.7275,74.7075,74.7250,573
1644380820,74.7250,74.7325,74.7200,74.7275,913
1644381000,74.7275,74.7400,74.7225,74.7300,3190
1644381180,74.7300,74.7325,74.7150,74.7325,1210
1644381360,74.7325,74.7575,74.7325,74.7575,3458
1644381540,74.7575,74.7800,74.7575,74.7725,2041
1644381720,74.7725,74.7900,74.7700,74.7875,461
1644381900,74.7875,74.7900,74.7800,74.7900,1890
1644382080,74.7900,74.7975,74.7800,74.7950,1127
1644382260,74.7950,74.8075,74.7950,74.7975,1923
1644382440,74.8025,74.8025,74.7800,74.7875,600
1644382620,74.7875,74.7925,74.7875,74.7925,44
1644382800,74.7925,74.7925,74.7775,74.7825,342
1644382980,74.7825,74.7850,74.7725,74.7850,732
1644383160,74.7850,74.7850,74.7725,74.7775,904
1644383340,74.7775,74.7975,74.7775,74.7975,138
1644383520,74.8000,74.8100,74.7950,74.8000,589
1644383700,74.8000,74.8075,74.7950,74.7950,196
1644383880,74.7950,74.8000,74.7950,74.7975,27
1644384060,74.7975,74.8000,74.7950,74.8000,258
1644384240,74.7950,74.8050,74.7950,74.8050,24
1644384420,74.8050,74.8375,74.8050,74.8375,3057
1644384600,74.8375,74.8475,74.8275,74.8425,2177
1644384780,74.8425,74.8475,74.8325,74.8475,1184
1644384960,74.8475,74.8625,74.8450,74.8525,6428
1644385140,74.8525,74.8600,74.8475,74.8500,3743
1644385320,74.8500,74.8550,74.8325,74.8325,4189
1644385500,74.8325,74.8500,74.8250,74.8450,2876
1644385680,74.8450,74.8600,74.8450,74.8600,3721
1644385860,74.8600,74.8600,74.8450,74.8550,3393
1644386040,74.8550,74.8825,74.8550,74.8725,9240
1644386220,74.8725,74.8750,74.8625,74.8625,2724
1644386400,74.8625,74.8775,74.8625,74.8750,2168
1644386580,74.8750,74.8825,74.8700,74.8775,5760
1644386760,74.8775,74.8825,74.8700,74.8825,1357
1644386940,74.8825,74.8900,74.8775,74.8850,907
1644387120,74.8850,74.8850,74.8700,74.8700,4424
1644387300,74.8700,74.8750,74.8625,74.8650,2931
1644387480,74.8650,74.8675,74.8550,74.8625,7030
1644387660,74.8625,74.8625,74.8475,74.8550,11170
1644387840,74.8550,74.8550,74.8350,74.8475,4482
1644388020,74.8475,74.8575,74.8350,74.8400,5427
1644388200,74.8400,74.8475,74.8350,74.8475,909
1644388380,74.8475,74.8500,74.8400,74.8400,832
1644388560,74.8400,74.8475,74.8400,74.8400,35
1644388740,74.8425,74.8425,74.8275,74.8375,1036
1644388920,74.8375,74.8400,74.8325,74.8400,27
1644389100,74.8400,74.8525,74.8400,74.8525,1475
1644389280,74.8525,74.8575,74.8375,74.8375,1358
1644389460,74.8375,74.8475,74.8375,74.8475,105
1644389640,74.8475,74.8550,74.8475,74.8500,18
1644389820,74.8500,74.8600,74.8500,74.8550,514
1644390000,74.8550,74.8550,74.8400,74.8450,331
1644390180,74.8450,74.8450,74.8350,74.8350,184
1644390360,74.8350,74.8375,74.8225,74.8275,167
1644390540,74.8275,74.8450,74.8275,74.8450,74
1644390720,74.8450,74.8525,74.8450,74.8525,1212
1644390900,74.8525,74.8525,74.8350,74.8350,1002
1644391080,74.8350,74.8400,74.8350,74.8400,259
1644391260,74.8400,74.8425,74.8275,74.8300,6316
1644391440,74.8300,74.8350,74.8300,74.8350,123
1644391620,74.8350,74.8350,74.8125,74.8200,5580
1644391800,74.8225,74.8225,74.8150,74.8200,528
1644391980,74.8200,74.8250,74.8150,74.8250,1303
1644392160,74.8250,74.8775,74.8250,74.8775,4870
1644392340,74.8775,74.8900,74.8600,74.8900,806
1644392520,74.8900,74.8900,74.8750,74.8800,4029
1644392700,74.8775,74.8850,74.8650,74.8750,1272
1644392880,74.8750,74.8825,74.8725,74.8800,354
1644393060,74.8800,74.8800,74.8625,74.8675,595
1644393240,74.8675,74.8750,74.8625,74.8700,266
1644393420,74.8700,74.8725,74.8550,74.8550,1796
1644393600,74.8550,74.8675,74.8550,74.8600,2565
1644393780,74.8600,74.8650,74.8575,74.8600,280
1644393960,74.8600,74.8625,74.8475,74.8475,2995
1644394140,74.8475,74.8500,74.8425,74.8475,780
1644394320,74.8475,74.8475,74.8375,74.8425,1504
1644394500,74.8425,74.8425,74.8350,74.8400,151
1644394680,74.8400,74.8500,74.8400,74.8475,114
1644394860,74.8425,74.8475,74.8400,74.8450,252
1644395040,74.8450,74.8550,74.8425,74.8425,835
1644395220,74.8425,74.8450,74.8400,74.8425,156
1644395400,74.8425,74.8425,74.8400,74.8425,61
1644395580,74.8425,74.8475,74.8425,74.8450,68
1644395760,74.8450,74.8475,74.8450,74.8450,48
1644395940,74.8450,74.8475,74.8400,74.8475,165
1644396120,74.8475,74.8500,74.8475,74.8475,26
1644396300,74.8475,74.8700,74.8475,74.8700,117
1644396480,74.8700,74.8725,74.8650,74.8650,198
1644396660,74.8650,74.8650,74.8625,74.8625,119
1644396840,74.8625,74.8650,74.8575,74.8650,298
1644397020,74.8650,74.8750,74.8650,74.8750,323
1644397200,74.8750,74.8750,74.8550,74.8600,130
1644397380,74.8600,74.8600,74.8575,74.8575,26
1644397560,74.8575,74.8575,74.8550,74.8550,130
1644397740,74.8500,74.8500,74.8375,74.8400,296
1644397920,74.8400,74.8450,74.8375,74.8450,546
1644398100,74.8450,74.8450,74.8400,74.8400,123
1644398280,74.8400,74.8400,74.8325,74.8325,67
1644398460,74.8325,74.8350,74.8325,74.8325,56
1644398640,74.8325,74.8500,74.8325,74.8500,366
1644398820,74.8500,74.8500,74.8350,74.8400,242
1644399000,74.8400,74.8400,74.8225,74.8300,479
1644399180,74.8300,74.8350,74.8200,74.8225,633
1644399360,74.8225,74.8250,74.8025,74.8025,378
1644399540,74.7950,74.8125,74.7925,74.8100,1158
1644399720,74.8100,74.8225,74.8100,74.8225,152
1644399900,74.8225,74.8300,74.8200,74.8200,185
1644400080,74.8200,74.8275,74.8200,74.8250,34
1644400260,74.8250,74.8275,74.8200,74.8275,182
1644400440,74.8275,74.8375,74.8275,74.8325,1296
1644400620,74.8325,74.8350,74.8250,74.8250,300
1644400800,74.8250,74.8300,74.8225,74.8250,287
1644400980,74.8250,74.8275,74.8200,74.8225,176
1644401160,74.8225,74.8275,74.8200,74.8200,240
1644401340,74.8200,74.8200,74.8100,74.8150,312
1644401520,74.8150,74.8150,74.8100,74.8125,204
1644401700,74.8125,74.8200,74.8125,74.8175,241
1644401880,74.8175,74.8200,74.8100,74.8100,582
1644402060,74.8050,74.8075,74.7975,74.7975,424
1644402240,74.7975,74.8000,74.7925,74.8000,484
1644402420,74.8000,74.8050,74.7925,74.7925,2680
1644402600,74.7925,74.8050,74.7925,74.8000,2191
1644402780,74.8025,74.8050,74.8000,74.8000,328
1644402960,74.8000,74.8050,74.8000,74.8025,505
1644403140,74.8025,74.8125,74.8025,74.8075,190
1644403320,74.8075,74.8075,74.8025,74.8025,1047
1644403500,74.8025,74.8075,74.8025,74.8075,23
1644403680,74.8075,74.8100,74.8050,74.8075,1905
1644403860,74.8075,74.8075,74.8000,74.8000,2413
1644404040,74.8000,74.8000,74.7950,74.8000,1504
1644404220,74.8000,74.8150,74.8000,74.8100,1022
1644404400,74.8100,74.8100,74.8050,74.8100,139
1644404580,74.8100,74.8100,74.8100,74.8100,147
1644404760,74.8100,74.8375,74.8100,74.8350,622
1644404940,74.8325,74.8375,74.8325,74.8325,309
1644405120,74.8325,74.8350,74.8325,74.8350,178
1644405300,74.8350,74.8500,74.8350,74.8400,684
1644405480,74.8400,74.8475,74.8375,74.8475,677
1644405660,74.8475,74.8475,74.8450,74.8450,1003
1644405840,74.8450,74.8475,74.8425,74.8450,514
1644406020,74.8450,74.8500,74.8400,74.8450,1593
1644463800,74.8450,74.8875,74.8450,74.8825,768
1644463980,74.8825,74.8875,74.8775,74.8800,335
1644464160,74.8800,74.8975,74.8700,74.8975,2516
1644464340,74.8950,74.9150,74.8950,74.8950,1326
1644464520,74.8950,74.9050,74.8825,74.8825,873
1644464700,74.8825,74.8900,74.8700,74.8750,450
1644464880,74.8750,74.8875,74.8750,74.8875,37
1644465060,74.8875,74.8900,74.8700,74.8700,1280
1644465240,74.8700,74.8825,74.8625,74.8650,3904
1644465420,74.8650,74.8800,74.8650,74.8700,360
1644465600,74.8700,74.8775,74.8550,74.8700,270
1644465780,74.8700,74.8750,74.8700,74.8750,411
1644465960,74.8750,74.8800,74.8750,74.8775,358
1644466140,74.8775,74.8900,74.8775,74.8875,284
1644466320,74.8875,74.8900,74.8850,74.8875,1133
1644466500,74.8875,74.8975,74.8825,74.8825,2428
1644466680,74.8825,74.8825,74.8700,74.8725,290
1644466860,74.8725,74.8925,74.8725,74.8750,3265
1644467040,74.8775,74.8850,74.8700,74.8800,617
1644467220,74.8800,74.9000,74.8800,74.8875,259
1644467400,74.8875,74.9000,74.8825,74.8925,153
1644467580,74.8925,74.8925,74.8875,74.8900,67
1644467760,74.8900,75.0575,74.8900,75.0250,17635
1644467940,75.0250,75.0350,74.9775,75.0350,10153
1644468120,75.0350,75.0525,75.0125,75.0175,10212
1644468300,75.0175,75.0425,75.0125,75.0350,5872
1644468480,75.0350,75.0350,75.0050,75.0050,3997
1644468660,75.0050,75.0050,74.9525,74.9625,8449
1644468840,74.9625,75.0075,74.9525,74.9950,5459
1644469020,74.9950,74.9975,74.9600,74.9650,3521
1644469200,74.9650,74.9850,74.9650,74.9750,2062
1644469380,74.9750,74.9775,74.9575,74.9700,1831
1644469560,74.9700,74.9700,74.9650,74.9675,1812
1644469740,74.9675,74.9750,74.9575,74.9600,3518
1644469920,74.9600,74.9700,74.9350,74.9400,1573
1644470100,74.9400,74.9425,74.9175,74.9200,793
1644470280,74.9200,74.9300,74.9075,74.9100,1657
1644470460,74.9100,74.9425,74.9100,74.9325,2569
1644470640,74.9325,74.9375,74.9300,74.9300,825
1644470820,74.9325,74.9450,74.9300,74.9350,2522
1644471000,74.9350,74.9400,74.9325,74.9350,87
1644471180,74.9350,74.9425,74.9350,74.9425,30
1644471360,74.9425,74.9425,74.9350,74.9350,15
1644471540,74.9350,74.9550,74.9350,74.9550,408
1644471720,74.9550,74.9550,74.9450,74.9450,1275
1644471900,74.9450,74.9525,74.9450,74.9500,45
1644472080,74.9500,74.9550,74.9400,74.9425,675
1644472260,74.9425,74.9475,74.9425,74.9475,209
1644472440,74.9475,74.9500,74.9350,74.9350,122
1644472620,74.9400,74.9450,74.9375,74.9400,555
1644472800,74.9400,74.9400,74.9275,74.9275,104
1644472980,74.9275,74.9425,74.9250,74.9425,129
1644473160,74.9425,74.9425,74.9375,74.9375,235
1644473340,74.9375,74.9425,74.9325,74.9325,235
1644473520,74.9325,74.9325,74.9300,74.9300,153
1644473700,74.9300,74.9350,74.9300,74.9350,3
1644473880,74.9350,74.9350,74.9275,74.9300,57
1644474060,74.9300,74.9300,74.9275,74.9275,44
1644474240,74.9275,74.9500,74.9275,74.9500,502
1644474420,74.9550,74.9550,74.9400,74.9425,610
1644474600,74.9425,74.9450,74.9350,74.9450,251
1644474780,74.9450,74.9450,74.9400,74.9400,1212
1644474960,74.9400,74.9425,74.9375,74.9400,1489
1644475140,74.9400,74.9500,74.9400,74.9500,1023
1644475320,74.9500,74.9550,74.9500,74.9525,825
1644475500,74.9525,74.9800,74.9525,74.9800,2567
1644475680,74.9800,74.9825,74.9750,74.9775,576
1644475860,74.9775,74.9875,74.9775,74.9800,4473
1644476040,74.9800,74.9825,74.9750,74.9825,5239
1644476220,74.9825,74.9825,74.9650,74.9700,126
1644476400,74.9700,74.9825,74.9700,74.9750,341
1644476580,74.9750,74.9800,74.9650,74.9675,114
1644476760,74.9675,74.9700,74.9650,74.9675,177
1644476940,74.9675,74.9725,74.9675,74.9700,26
1644477120,74.9700,74.9725,74.9650,74.9725,45
1644477300,74.9725,74.9725,74.9675,74.9675,149
1644477480,74.9675,74.9750,74.9675,74.9750,324
1644477660,74.9750,74.9750,74.9425,74.9475,252
1644477840,74.9475,74.9875,74.9475,74.9725,1371
1644478020,74.9725,74.9775,74.9725,74.9775,280
1644478200,74.9775,74.9775,74.9475,74.9475,379
1644478380,74.9475,74.9675,74.9475,74.9575,1003
1644478560,74.9575,74.9575,74.9425,74.9550,1154
1644478740,74.9550,74.9550,74.9350,74.9350,328
1644478920,74.9350,74.9525,74.9350,74.9525,168
1644479100,74.9525,74.9525,74.9400,74.9525,601
1644479280,74.9525,74.9600,74.9500,74.9575,70
1644479460,74.9575,74.9575,74.9475,74.9475,22
1644479640,74.9475,74.9700,74.9475,74.9700,1201
1644479820,74.9700,74.9750,74.9550,74.9650,1792
1644480000,74.9650,74.9650,74.9525,74.9550,655
1644480180,74.9500,74.9675,74.9500,74.9675,112
1644480360,74.9675,74.9950,74.9650,74.9950,1213
1644480540,74.9950,74.9950,74.9750,74.9750,900
1644480720,74.9750,74.9750,74.9700,74.9750,234
1644480900,74.9750,74.9750,74.9700,74.9725,20
1644481080,74.9725,74.9725,74.9725,74.9725,0
1644481260,74.9725,74.9775,74.9675,74.9675,1183
1644481440,74.9675,74.9950,74.9675,74.9900,1251
1644481620,74.9900,75.0100,74.9875,75.0100,1875
1644481800,75.0100,75.0125,75.0025,75.0125,6140
1644481980,75.0125,75.0150,74.9975,74.9975,2650
1644482160,75.0050,75.0050,74.9850,74.9900,2576
1644482340,74.9900,74.9925,74.9800,74.9825,1542
1644482520,74.9825,74.9875,74.9825,74.9875,15
1644482700,74.9875,74.9900,74.9875,74.9875,4
1644482880,74.9875,74.9875,74.9850,74.9875,2101
1644483060,74.9875,74.9875,74.9800,74.9800,1159
1644483240,74.9800,74.9825,74.9750,74.9800,329
1644483420,74.9800,75.0050,74.9800,75.0050,2611
1644483600,75.0050,75.0050,74.9950,74.9950,9
1644483780,74.9950,74.9950,74.9900,74.9950,193
1644483960,74.9950,74.9950,74.9875,74.9875,153
1644484140,74.9875,74.9950,74.9875,74.9950,2654
1644484320,74.9950,75.0125,74.9925,74.9975,3334
1644484500,74.9975,74.9975,74.9800,74.9800,422
1644484680,74.9775,74.9850,74.9775,74.9850,975
1644484860,74.9850,75.0000,74.9850,75.0000,147
1644485040,75.0000,75.0000,74.9825,74.9825,1243
1644485220,74.9825,74.9850,74.9675,74.9675,855
1644485400,74.9675,74.9800,74.9675,74.9775,236
1644485580,74.9750,74.9750,74.9575,74.9625,844
1644485760,74.9725,74.9775,74.9700,74.9700,1181
1644485940,74.9700,74.9725,74.9650,74.9675,142
1644486120,74.9675,74.9700,74.9675,74.9700,7
1644486300,74.9700,74.9700,74.9550,74.9625,77
1644486480,74.9625,74.9625,74.9500,74.9525,42
1644486660,74.9525,74.9525,74.9450,74.9475,54
1644486840,74.9475,74.9550,74.9475,74.9550,226
1644487020,74.9525,74.9625,74.9500,74.9525,460
1644487200,74.9525,74.9600,74.9525,74.9600,243
1644487380,74.9550,74.9575,74.9450,74.9525,1866
1644487560,74.9525,74.9525,74.9450,74.9450,299
1644487740,74.9450,74.9475,74.9400,74.9400,200
1644487920,74.9400,74.9450,74.9400,74.9425,53
1644488100,74.9425,74.9500,74.9400,74.9500,427
1644488280,74.9525,74.9550,74.9475,74.9500,163
1644488460,74.9500,74.9550,74.9500,74.9550,55
1644488640,74.9550,74.9600,74.9550,74.9600,29
1644488820,74.9600,74.9725,74.9600,74.9675,344
1644489000,74.9675,74.9750,74.9650,74.9750,152
1644489180,74.9750,74.9750,74.9650,74.9650,344
1644489360,74.9650,74.9650,74.9625,74.9625,145
1644489540,74.9625,74.9650,74.9625,74.9625,212
1644489720,74.9625,74.9650,74.9625,74.9625,155
1644489900,74.9625,74.9625,74.9575,74.9600,156
1644490080,74.9600,74.9700,74.9600,74.9700,24
1644490260,74.9700,74.9700,74.9650,74.9675,138
1644490440,74.9675,74.9675,74.9625,74.9625,700
1644490620,74.9625,74.9700,74.9625,74.9700,27
1644490800,74.9700,74.9700,74.9625,74.9625,71
1644490980,74.9625,74.9800,74.9625,74.9750,267
1644491160,74.9750,74.9750,74.9700,74.9750,286
1644491340,74.9750,74.9775,74.9750,74.9775,555
1644491520,74.9775,74.9800,74.9675,74.9675,259
1644491700,74.9675,74.9725,74.9650,74.9675,540
1644491880,74.9675,74.9675,74.9625,74.9650,271
1644492060,74.9650,74.9725,74.9650,74.9725,42
1644492240,74.9725,74.9725,74.9625,74.9675,271
1644492420,74.9675,74.9725,74.9475,74.9725,471
1644550200,75.2450,75.2700,75.2100,75.2100,14749
1644550380,75.2100,75.2375,75.1975,75.2375,4423
1644550560,75.2375,75.2450,75.2350,75.2425,2132
1644550740,75.2425,75.2425,75.2325,75.2325,4565
1644550920,75.2375,75.2475,75.2375,75.2450,4925
1644551100,75.2450,75.2675,75.2400,75.2575,2078
1644551280,75.2575,75.2675,75.2550,75.2650,3763
1644551460,75.2675,75.3000,75.2675,75.3000,9091
1644551640,75.3000,75.3375,75.2975,75.3375,9743
1644551820,75.3375,75.3650,75.3325,75.3550,3432
1644552000,75.3550,75.3550,75.3350,75.3375,6198
1644552180,75.3375,75.3825,75.3375,75.3825,1530
1644552360,75.3825,75.4200,75.3800,75.4200,11665
1644552540,75.4200,75.4475,75.4200,75.4375,9446
1644552720,75.4375,75.4475,75.4350,75.4475,4011
1644552900,75.4475,75.4700,75.4375,75.4700,11473
1644553080,75.4700,75.4950,75.4500,75.4500,7256
1644553260,75.4475,75.4550,75.4400,75.4400,5004
1644553440,75.4325,75.4325,75.3975,75.4025,8718
1644553620,75.4000,75.4225,75.3900,75.3950,5301
1644553800,75.3950,75.3950,75.3550,75.3550,13804
1644553980,75.3550,75.3700,75.3375,75.3700,7337
1644554160,75.3700,75.3825,75.3550,75.3550,5103
1644554340,75.3550,75.3700,75.3500,75.3700,3852
1644554520,75.3700,75.4050,75.3700,75.4000,2805
1644554700,75.4000,75.4100,75.3775,75.4100,5118
1644554880,75.4100,75.4100,75.3725,75.3825,4563
1644555060,75.3825,75.4050,75.3800,75.3800,5012
1644555240,75.3800,75.3800,75.3400,75.3400,2314
1644555420,75.3400,75.3400,75.3275,75.3300,1495
1644555600,75.3300,75.3425,75.3300,75.3400,1684
1644555780,75.3400,75.3550,75.3250,75.3250,4011
1644555960,75.3250,75.3325,75.3200,75.3250,1128
1644556140,75.3250,75.3425,75.3250,75.3350,1035
1644556320,75.3350,75.3400,75.3075,75.3075,6273
1644556500,75.3075,75.3100,75.2900,75.2900,1646
1644556680,75.2850,75.2850,75.2650,75.2750,2698
1644556860,75.2750,75.2950,75.2725,75.2950,2643
1644557040,75.2950,75.2950,75.2825,75.2900,1921
1644557220,75.2900,75.2950,75.2850,75.2900,1199
1644557400,75.2900,75.2900,75.2800,75.2875,209
1644557580,75.2875,75.2875,75.2700,75.2725,3352
1644557760,75.2725,75.2850,75.2725,75.2800,191
1644557940,75.2800,75.2925,75.2800,75.2875,356
1644558120,75.2950,75.3050,75.2900,75.2975,3499
1644558300,75.2975,75.3125,75.2975,75.3125,1424
1644558480,75.3125,75.3150,75.3050,75.3075,343
1644558660,75.3075,75.3150,75.3050,75.3150,395
1644558840,75.3150,75.3350,75.3150,75.3325,3327
1644559020,75.3350,75.3375,75.3225,75.3250,1959
1644559200,75.3250,75.3375,75.3250,75.3325,7389
1644559380,75.3325,75.3325,75.3150,75.3175,5141
1644559560,75.3175,75.3175,75.3150,75.3175,307
1644559740,75.3175,75.3200,75.3050,75.3100,3431
1644559920,75.3100,75.3200,75.3075,75.3150,5051
1644560100,75.3150,75.3150,75.3050,75.3075,2048
1644560280,75.3075,75.3100,75.3050,75.3050,1098
1644560460,75.3050,75.3125,75.3025,75.3075,3921
1644560640,75.3075,75.3125,75.3050,75.3075,1963
1644560820,75.3075,75.3150,75.3025,75.3125,4376
1644561000,75.3125,75.3275,75.3125,75.3275,4241
1644561180,75.3275,75.3425,75.3200,75.3350,8562
1644561360,75.3350,75.3375,75.3275,75.3300,1744
1644561540,75.3300,75.3350,75.3300,75.3325,783
1644561720,75.3325,75.3325,75.3250,75.3275,2285
1644561900,75.3275,75.3325,75.3275,75.3325,690
1644562080,75.3325,75.3400,75.3325,75.3350,1409
1644562260,75.3350,75.3350,75.3325,75.3350,2344
1644562440,75.3350,75.3400,75.3350,75.3375,969
1644562620,75.3375,75.3400,75.3375,75.3375,1168
